Country Name,Indicator Name,1990,1991,1992,1993,1994,1995,1996,1997,1998,1999,2000,2001,2002,2003,2004,2005,2006,2007,2008,2009,2010,2011,2012,2013,2014,2015,2016,2017,2018,2019,2020,2021,2022,2023
Aruba (Neth.),Average surface temperature change (°C),33.27,33.8,33.46,33.74,33.53,33.77,32.97,33.27,33.57,33.77,33.91,33.87,33.67,32.8,33.23,33.57,33.0,33.13,33.37,33.87,33.67,33.51,34.07,34.14,34.44,34.2,34.44,34.1,33.7,34.17,34.1,33.6,33.27,34.43
Afghanistan,Average surface temperature change (°C),32.45,31.94,31.15,31.51,32.27,32.58,31.65,32.3,31.97,32.47,32.13,32.34,32.51,32.15,32.21,32.24,32.57,32.52,33.17,32.4,32.29,33.04,32.8,32.3,33.03,32.73,33.04,33.16,33.16,32.89,32.48,33.29,32.47,33.16
Angola,Average surface temperature change (°C),27.73,27.6,27.35,27.41,27.34,27.54,27.5,27.9,28.1,27.62,27.54,27.53,28.1,27.93,27.28,28.05,27.55,27.36,27.37,27.57,27.69,27.44,27.36,27.38,27.33,27.42,27.54,27.92,27.59,27.58,27.55,27.75,27.51,27.29
Anguilla (U.K.),Average surface temperature change (°C),32.07,31.94,31.74,31.93,31.94,32.17,31.5,32.07,32.37,31.91,32.14,32.37,32.34,31.3,31.5,32.0,31.94,31.9,31.81,32.08,32.2,32.03,31.97,31.97,32.07,32.17,32.27,32.1,31.9,32.44,32.37,31.94,31.74,32.94
ALA,Average surface temperature change (°C),18.08,17.87,19.41,16.33,19.78,18.95,18.27,20.87,16.0,19.83,17.25,19.31,21.32,19.67,18.34,19.31,21.14,19.27,18.86,18.7,19.86,19.92,18.21,20.09,19.8,18.46,18.69,17.83,21.21,19.77,19.38,20.46,20.23,19.24
Albania,Average surface temperature change (°C),26.57,26.12,26.79,27.31,27.94,26.59,26.68,26.25,28.12,27.45,28.5,27.35,27.19,28.82,26.66,26.3,26.82,28.78,28.07,27.49,27.51,27.7,29.67,27.96,26.8,28.62,27.73,28.98,27.59,28.65,27.41,28.58,28.91,28.33
Andorra,Average surface temperature change (°C),21.46,21.82,19.9,20.78,22.87,21.32,20.48,20.53,21.7,21.22,21.18,21.63,20.4,23.91,21.68,22.2,22.79,20.71,20.92,22.67,21.41,20.46,22.46,21.82,20.53,23.11,22.36,23.1,23.1,23.74,22.14,22.22,25.12,23.33
United Arab Emirates,Average surface temperature change (°C),41.75,40.63,41.52,41.8,41.56,41.37,41.69,41.64,42.83,42.57,42.56,41.74,42.0,41.78,42.18,41.92,42.38,41.91,41.72,42.37,42.11,42.13,42.46,41.73,42.83,42.51,42.5,42.52,43.14,42.96,43.0,43.06,42.28,43.18
Argentina,Average surface temperature change (°C),15.56,14.76,14.3,15.1,15.73,14.65,15.15,15.69,15.74,14.46,14.06,15.34,14.44,15.22,15.32,14.91,16.06,13.41,15.52,15.86,14.55,14.46,15.12,15.53,16.04,16.22,14.81,15.97,14.07,15.36,15.21,16.0,15.3,16.07
Armenia,Average surface temperature change (°C),25.92,25.64,24.06,24.68,24.68,25.52,25.66,25.5,26.77,26.57,27.4,26.95,25.67,26.18,26.35,26.71,28.07,26.05,26.63,25.12,27.78,26.81,27.08,26.62,27.67,27.76,27.1,28.4,27.79,27.87,26.32,28.08,27.8,27.22
American Samoa (U.S.),Average surface temperature change (°C),29.3,29.17,29.23,28.33,28.7,29.54,29.93,28.84,28.94,29.8,29.54,30.37,29.83,28.7,29.37,28.93,29.29,29.83,28.83,29.3,29.6,29.77,28.83,29.53,28.8,28.37,29.07,29.27,29.16,29.63,29.6,29.23,29.23,29.87
French Southern and Antarctic Lands (Fr.),Average surface temperature change (°C),3.81,4.89,3.69,4.61,4.32,3.97,3.88,4.79,4.54,3.29,4.04,3.97,4.56,4.73,4.32,3.71,3.24,2.8,3.97,4.37,5.11,3.8,5.24,4.24,3.3,4.48,5.14,5.49,4.33,4.99,4.02,5.34,3.78,5.14
Antigua and Barbuda,Average surface temperature change (°C),31.41,31.35,31.17,31.36,31.38,31.72,31.14,31.79,32.1,31.65,31.65,31.99,31.73,31.11,31.11,31.54,31.51,31.43,31.39,31.64,31.78,31.59,31.5,31.5,31.59,31.7,31.78,31.61,31.33,31.84,31.81,31.41,31.3,32.38
Australia,Average surface temperature change (°C),21.43,22.76,22.22,22.15,22.59,22.42,22.66,21.75,22.06,22.72,22.13,22.55,23.17,22.61,22.33,22.35,22.28,21.87,21.9,23.15,21.53,22.68,22.39,23.25,22.69,22.72,22.17,23.66,23.13,22.98,23.37,23.0,22.19,23.47
Austria,Average surface temperature change (°C),20.46,20.24,21.99,19.74,22.1,19.99,19.5,19.92,20.54,19.8,20.84,20.65,21.3,23.6,20.1,19.67,20.91,21.33,20.98,20.92,21.01,20.73,21.88,21.87,20.42,23.33,21.42,22.96,23.17,23.28,21.55,21.78,23.52,22.82
Azerbaijan,Average surface temperature change (°C),28.84,29.02,27.26,27.97,27.64,28.99,28.89,28.86,30.28,29.9,30.37,29.84,28.99,28.9,29.31,29.68,31.09,29.4,29.57,28.58,31.4,30.27,30.38,29.65,30.86,31.02,30.31,31.26,30.95,30.92,29.71,31.38,30.86,30.45
Burundi,Average surface temperature change (°C),26.97,26.94,26.81,27.15,27.04,27.56,27.53,27.59,27.34,27.42,27.31,26.96,27.59,27.26,27.1,27.44,26.97,26.48,27.12,27.38,27.39,27.05,26.94,27.03,26.79,26.9,26.89,27.02,26.48,27.08,26.68,26.65,26.53,27.55
Belgium,Average surface temperature change (°C),22.68,22.22,23.13,21.59,23.93,23.62,21.95,23.08,21.77,22.85,21.79,22.81,22.71,25.21,22.34,22.52,23.4,21.88,22.58,23.11,23.33,21.8,22.32,23.45,22.41,23.94,23.0,23.59,25.41,25.0,24.18,22.75,25.82,24.16
Benin,Average surface temperature change (°C),30.56,30.02,30.11,30.67,30.11,30.89,30.67,30.73,30.79,30.68,30.52,30.48,31.26,30.39,30.56,30.49,31.32,30.84,30.56,31.17,30.98,31.24,30.31,30.83,31.13,31.31,30.81,30.75,30.9,30.63,30.87,31.08,30.73,31.29
"Bonaire, Sint Eustatius and Saba",Average surface temperature change (°C),31.77,31.67,31.54,31.77,31.77,32.07,31.47,32.1,32.4,31.97,32.0,32.37,32.07,31.4,31.4,31.97,31.84,31.77,31.7,31.94,32.1,31.97,31.84,31.87,31.97,32.07,32.2,31.97,31.73,32.27,32.24,31.84,31.67,32.87
Burkina Faso,Average surface temperature change (°C),33.35,32.29,32.64,33.47,32.32,33.21,33.24,33.37,33.16,32.79,32.97,32.79,33.91,32.36,33.09,32.8,33.72,33.27,32.87,33.62,32.98,33.47,32.62,33.16,33.58,33.59,33.03,32.99,33.07,33.16,33.18,33.29,32.92,33.74
Bangladesh,Average surface temperature change (°C),31.41,31.08,31.46,31.3,31.65,31.67,31.26,31.59,31.71,31.27,31.7,31.14,31.27,31.61,31.05,31.78,31.69,31.58,30.65,32.21,31.89,31.22,31.68,31.77,31.78,31.58,32.08,31.84,32.28,32.56,31.89,31.84,32.61,32.54
Bulgaria,Average surface temperature change (°C),26.58,25.95,26.98,26.11,27.12,26.78,26.34,25.43,27.38,27.5,28.02,27.72,27.34,28.15,26.22,26.2,26.89,29.08,27.82,27.72,27.8,27.44,29.42,27.65,26.96,28.12,28.14,28.41,27.85,28.65,27.91,28.09,28.81,28.54
Bahrain,Average surface temperature change (°C),40.25,38.45,39.57,40.06,39.65,39.69,40.41,39.74,41.29,40.98,40.96,40.42,40.74,40.35,40.72,40.47,41.04,40.45,40.39,40.77,40.66,40.62,41.23,39.71,41.05,41.54,41.58,41.82,41.95,41.91,41.77,42.27,41.7,42.14
The Bahamas,Average surface temperature change (°C),31.93,31.84,31.57,31.82,31.36,31.57,31.43,31.29,32.25,31.34,31.34,31.16,31.11,31.32,31.61,31.53,31.29,31.72,31.33,31.82,32.32,32.23,31.36,31.31,32.15,32.23,32.22,32.12,31.97,32.44,32.26,31.62,32.11,32.96
Bosnia and Herzegovina,Average surface temperature change (°C),24.37,24.48,25.78,24.65,25.96,24.44,24.01,23.98,25.07,24.45,25.78,24.87,25.45,27.18,24.21,23.7,24.63,26.41,25.32,25.24,25.24,25.51,27.17,26.12,24.62,26.97,25.53,27.23,26.46,27.05,25.43,26.61,27.64,26.38
Belarus,Average surface temperature change (°C),21.31,22.83,25.27,20.77,23.23,24.05,22.75,23.19,21.77,25.33,22.22,23.81,25.51,23.06,22.85,23.2,23.97,24.29,23.63,22.88,25.79,24.41,23.67,24.45,24.26,25.41,24.81,23.56,25.06,24.86,25.24,25.8,25.98,25.44
Belize,Average surface temperature change (°C),30.89,31.28,30.81,30.53,31.18,30.85,30.5,31.23,31.54,30.77,30.92,31.58,31.68,31.85,32.17,31.57,31.13,31.48,31.04,31.89,30.81,31.55,31.26,31.03,32.34,31.97,32.24,31.89,31.38,32.93,32.25,31.65,31.46,32.79
Bermuda (U.K.),Average surface temperature change (°C),31.51,31.66,31.63,30.99,31.02,29.88,29.72,30.32,30.62,30.93,30.99,30.49,30.88,31.02,31.15,30.03,30.25,30.25,30.29,30.25,30.22,30.15,29.8,30.32,29.79,30.65,30.49,30.88,30.28,30.89,30.1,30.62,30.53,30.26
Bolivia,Average surface temperature change (°C),24.56,25.89,24.9,25.65,26.1,25.81,25.05,25.7,25.64,25.04,24.77,26.16,25.09,25.22,25.22,25.8,25.86,25.11,25.83,25.06,25.7,25.54,25.49,24.85,25.83,26.26,25.87,26.34,24.58,25.88,26.0,25.6,26.04,27.08
Brazil,Average surface temperature change (°C),29.34,29.61,29.59,29.68,29.68,30.36,29.7,30.19,30.56,30.04,29.82,30.19,30.44,30.27,29.76,30.45,30.43,30.36,30.31,29.97,30.44,30.54,30.38,30.24,30.48,30.87,30.61,30.51,30.27,30.67,30.84,30.52,30.61,30.96
Barbados,Average surface temperature change (°C),30.64,30.7,30.44,30.8,30.64,30.82,30.39,30.75,31.07,30.74,30.91,31.16,30.98,30.6,30.67,31.16,30.99,30.74,30.95,31.16,31.28,31.1,30.91,30.8,30.92,31.12,31.09,30.92,30.56,30.91,31.05,30.71,30.68,31.46
Brunei Darussalam,Average surface temperature change (°C),31.53,31.61,31.35,31.39,31.3,30.95,31.25,31.79,31.13,31.46,31.43,31.78,31.84,31.49,31.52,31.62,31.58,31.26,31.0,31.84,30.92,31.6,31.62,31.89,31.64,31.89,31.9,32.29,33.34,33.52,33.08,33.33,32.81,31.82
Bhutan,Average surface temperature change (°C),19.92,19.28,19.7,19.93,20.72,20.12,19.53,19.95,19.78,19.5,19.56,19.81,19.68,19.95,19.37,20.26,20.63,20.3,19.16,21.03,20.49,19.81,20.24,20.29,20.32,20.17,20.55,20.32,20.72,21.02,20.31,20.49,21.17,20.7
Botswana,Average surface temperature change (°C),25.5,25.16,25.03,25.23,24.41,25.02,24.31,25.56,26.04,25.51,24.9,25.21,25.05,24.94,25.41,26.61,25.24,25.26,25.83,25.5,25.59,25.11,25.59,25.43,25.44,26.23,26.14,26.11,25.74,26.6,25.14,25.45,25.58,25.6
Central African Republic,Average surface temperature change (°C),29.47,29.22,28.81,29.14,28.83,29.43,29.1,29.49,29.39,28.73,29.25,29.2,29.5,29.29,29.66,29.52,29.55,29.36,29.35,29.93,29.61,29.67,29.16,29.37,29.39,29.99,29.55,29.5,29.43,29.41,29.43,29.57,29.4,29.31
Canada,Average surface temperature change (°C),16.52,16.93,15.16,15.74,16.97,16.74,16.53,16.57,17.54,16.35,16.02,16.77,16.53,16.9,15.89,16.44,17.42,16.75,16.65,16.23,16.99,16.67,17.47,17.02,17.08,16.77,17.12,17.13,16.81,16.33,16.75,17.49,17.47,17.51
Cocos (Keeling) Islands (Aus.),Average surface temperature change (°C),27.8,28.39,28.13,28.0,27.56,28.17,28.39,28.12,28.26,29.06,28.23,28.66,28.66,28.63,28.13,27.7,28.03,28.3,28.2,28.4,28.53,28.43,28.63,28.06,28.59,28.56,28.66,28.0,28.49,28.32,28.67,28.83,28.73,28.06
Switzerland,Average surface temperature change (°C),18.21,18.53,18.9,17.6,19.75,17.95,17.42,17.66,18.53,17.66,18.16,18.55,18.66,21.52,18.36,18.37,19.15,18.13,18.49,19.1,18.61,18.08,19.14,19.3,17.88,21.0,19.0,20.33,20.82,20.8,19.72,18.72,21.73,20.79
Chile,Average surface temperature change (°C),10.44,9.72,9.37,10.22,10.47,9.17,9.99,10.44,11.14,9.66,9.23,9.94,9.44,10.35,10.33,9.74,10.58,8.74,10.02,10.49,9.62,9.46,10.02,10.23,10.63,10.64,10.31,10.54,9.29,10.23,9.74,10.58,9.83,10.72
China,Average surface temperature change (°C),24.56,24.49,23.9,23.46,24.99,24.48,24.05,24.85,24.42,24.52,24.95,25.06,24.89,24.28,24.52,24.87,25.16,25.05,24.65,24.77,25.08,25.0,24.7,25.06,24.46,24.62,25.28,25.14,25.19,25.0,24.92,25.08,25.56,25.58
Côte d'Ivoire,Average surface temperature change (°C),29.2,29.17,28.84,29.37,28.94,29.65,29.48,29.32,29.66,29.47,29.3,29.28,29.91,29.25,29.25,29.34,30.05,29.71,29.4,29.61,29.68,29.66,29.22,29.44,29.82,29.95,29.61,29.79,29.63,29.6,29.58,29.7,29.26,30.06
Cameroon,Average surface temperature change (°C),27.96,28.01,27.51,27.92,27.66,28.29,27.99,28.03,28.32,27.96,28.01,28.01,28.41,28.09,28.19,28.07,28.47,28.32,28.15,28.37,28.25,28.2,27.96,28.06,27.93,28.52,28.14,28.0,28.31,28.13,28.59,28.66,28.41,28.33
Democratic Republic of Congo,Average surface temperature change (°C),29.71,29.49,29.2,29.5,29.34,29.76,29.61,29.72,29.92,29.31,29.54,29.6,29.97,29.76,29.76,30.02,29.91,29.69,29.64,29.89,29.9,29.6,29.54,29.57,29.53,29.72,29.62,29.71,29.64,29.62,29.69,29.75,29.64,29.57
Congo,Average surface temperature change (°C),27.88,27.92,27.19,27.84,27.64,28.06,27.76,27.83,28.52,27.96,27.7,28.01,28.33,28.21,28.06,28.08,28.59,28.23,28.09,28.19,28.29,28.12,28.08,28.11,28.09,28.43,28.46,28.34,28.67,28.37,28.79,28.92,28.62,28.02
Cook Islands (N.Z.),Average surface temperature change (°C),26.8,26.1,26.58,26.16,25.85,26.81,26.47,25.36,25.67,26.75,25.83,26.37,26.23,26.51,25.99,26.11,26.24,26.24,26.15,26.18,26.3,26.22,26.14,26.13,26.18,26.14,26.2,26.26,26.21,26.22,26.15,26.32,26.18,26.19
Colombia,Average surface temperature change (°C),29.19,28.6,28.81,29.04,29.03,29.24,28.17,28.59,28.41,28.77,28.99,29.3,28.87,27.84,28.15,28.31,28.29,27.99,28.68,29.7,29.23,29.32,29.39,29.37,29.81,29.75,29.58,29.06,29.04,29.51,29.16,28.8,28.37,29.87
Comoros,Average surface temperature change (°C),25.28,25.2,24.88,25.02,25.43,25.51,25.0,25.23,25.66,25.02,25.03,25.18,25.14,25.32,25.02,25.2,24.9,25.5,24.92,25.85,25.45,25.44,25.68,25.49,25.85,26.22,25.74,26.07,25.83,25.94,25.92,25.56,25.37,25.97
Cabo Verde,Average surface temperature change (°C),26.17,26.11,26.15,26.35,25.92,26.46,26.35,26.41,26.32,26.44,26.06,26.45,26.55,26.3,26.43,26.64,26.6,26.13,26.44,26.59,26.66,26.42,26.5,26.52,26.66,26.65,26.32,26.62,26.29,26.43,26.73,26.57,26.41,27.0
Costa Rica,Average surface temperature change (°C),28.69,28.84,28.65,28.8,28.87,28.41,28.04,28.97,28.65,27.97,28.21,28.85,28.67,28.61,28.6,28.67,28.66,28.45,28.26,28.79,28.45,28.53,28.47,28.42,28.94,28.58,28.58,28.42,28.21,28.56,28.41,28.3,28.11,29.45
Cuba,Average surface temperature change (°C),32.45,32.33,32.11,32.36,32.11,32.08,32.05,31.72,32.62,31.86,31.79,31.77,31.71,31.89,32.18,31.88,31.85,32.13,31.76,32.35,32.84,32.74,31.92,31.89,32.69,32.8,32.78,32.73,32.47,33.01,32.84,32.36,32.69,33.53
Curaçao (Neth.),Average surface temperature change (°C),31.52,31.88,31.39,31.69,31.51,31.68,31.21,31.83,31.75,31.75,32.03,31.91,31.84,31.13,31.67,31.83,31.17,31.35,31.43,32.14,31.54,31.88,32.02,32.06,32.6,32.28,32.42,32.31,31.76,32.32,32.26,31.63,31.45,32.38
Christmas Island (Aus.),Average surface temperature change (°C),30.43,30.46,30.7,30.5,30.09,30.74,30.84,30.09,30.47,30.47,30.8,30.36,30.6,30.63,30.87,30.17,30.2,30.54,30.06,30.5,30.0,30.0,30.3,30.3,30.43,30.53,30.03,30.37,30.27,30.3,30.54,30.27,30.64,30.4
Cayman Islands (U.K.),Average surface temperature change (°C),32.3,32.1,32.0,32.37,32.1,31.94,31.87,31.54,32.37,31.77,31.77,31.9,31.81,32.03,32.23,31.84,31.87,32.21,32.0,32.3,32.6,32.73,32.07,32.03,32.67,32.67,32.57,32.67,32.37,32.83,32.84,32.3,32.6,33.27
Cyprus,Average surface temperature change (°C),31.18,30.74,30.55,31.71,31.23,31.8,31.83,31.0,32.55,31.81,32.54,32.39,31.88,32.28,31.69,31.83,32.18,32.8,32.83,32.35,32.43,31.81,32.98,31.61,31.77,31.44,32.67,32.27,31.82,31.91,32.12,32.24,31.96,32.44
Czech Republic,Average surface temperature change (°C),22.37,21.78,24.14,20.87,23.72,22.36,20.98,22.18,21.81,21.89,22.32,22.13,23.16,25.04,21.85,21.38,22.89,23.08,22.85,22.43,23.03,22.23,23.17,23.45,22.86,24.97,23.58,24.47,25.63,25.43,23.98,24.01,25.59,24.64
Germany,Average surface temperature change (°C),22.23,22.2,23.97,20.91,23.9,23.02,21.46,22.94,21.66,22.54,21.97,22.62,23.18,25.32,22.2,22.07,23.57,22.56,23.11,22.98,23.45,22.26,22.83,23.64,22.73,24.38,23.32,23.69,25.51,25.15,24.09,23.42,25.63,24.37
Djibouti,Average surface temperature change (°C),37.95,37.82,37.5,37.34,37.58,37.48,37.51,38.26,38.6,37.4,38.33,37.8,39.28,37.99,38.13,37.95,38.3,37.5,38.3,38.82,37.74,38.27,37.83,37.82,38.21,39.12,38.35,38.2,37.03,37.89,37.78,38.42,38.15,40.35
Dominica,Average surface temperature change (°C),31.57,31.59,31.32,31.62,31.55,31.89,31.29,31.66,32.07,31.5,31.64,32.0,31.83,31.33,31.28,31.88,31.68,31.65,31.68,32.11,32.14,31.89,31.8,31.59,31.87,31.97,32.02,31.82,31.42,31.88,31.97,31.59,31.5,32.49
Denmark,Average surface temperature change (°C),19.69,19.24,21.3,17.64,20.91,20.83,19.43,22.0,17.92,20.2,18.63,20.09,21.48,21.53,19.48,19.68,21.67,20.0,20.81,20.6,20.83,19.97,19.42,20.85,21.13,20.06,20.35,19.64,22.43,21.41,20.98,21.14,21.78,20.77
Dominican Republic,Average surface temperature change (°C),31.59,31.33,31.6,31.48,31.62,31.98,31.39,32.27,32.39,31.7,31.77,31.83,31.59,31.32,31.24,31.38,31.72,31.64,31.33,31.49,31.54,31.33,31.59,31.66,31.85,31.93,32.06,31.91,31.78,32.27,32.26,31.55,31.31,32.89
Algeria,Average surface temperature change (°C),40.14,39.87,39.41,40.05,40.43,40.01,39.66,39.92,40.31,40.57,40.3,40.54,40.15,40.76,40.43,40.52,40.69,40.5,40.62,41.06,40.45,40.31,40.86,39.95,40.31,40.62,40.38,40.8,40.3,40.53,40.39,40.85,40.98,40.71
Ecuador,Average surface temperature change (°C),26.77,26.63,26.6,27.38,26.54,27.03,25.82,27.8,27.65,26.18,26.42,26.15,26.58,26.46,26.22,26.6,26.78,25.89,26.7,27.39,26.52,27.07,27.39,26.36,27.5,27.83,27.39,27.02,26.83,27.61,27.3,27.15,26.15,28.34
Arab Republic of Egypt,Average surface temperature change (°C),36.45,36.44,37.07,36.71,36.91,38.04,36.8,37.31,37.49,37.32,37.07,37.49,37.99,38.06,37.38,37.9,37.76,37.95,38.1,38.14,38.75,38.11,38.56,37.59,38.23,38.12,38.62,38.9,38.28,38.58,37.21,38.29,38.11,38.39
Eritrea,Average surface temperature change (°C),36.2,34.89,34.58,35.44,34.65,34.41,35.11,35.64,35.57,34.97,35.85,34.95,36.51,34.7,35.68,35.49,35.82,34.34,35.58,36.27,35.51,36.33,35.41,35.46,35.14,36.54,35.7,35.99,35.12,35.29,34.71,35.48,35.0,36.09
Spain,Average surface temperature change (°C),29.08,29.3,27.55,28.2,29.22,28.46,28.22,27.24,28.87,28.61,28.81,28.8,27.84,30.13,29.27,29.51,29.43,28.06,28.65,29.54,29.23,28.55,29.55,29.02,28.52,30.0,29.95,30.13,29.14,29.59,29.62,29.23,30.63,30.51
Estonia,Average surface temperature change (°C),19.99,20.4,21.68,18.48,21.45,21.46,20.55,23.15,18.88,22.75,19.58,21.54,23.3,21.31,20.13,21.3,22.91,21.45,20.34,20.47,22.58,22.57,20.2,22.25,21.62,21.06,21.01,19.78,22.89,21.78,21.7,23.3,22.86,22.06
Ethiopia,Average surface temperature change (°C),29.21,28.51,28.32,28.76,28.07,28.32,28.39,29.21,29.35,28.41,29.28,28.73,30.17,28.73,29.3,29.06,29.09,28.44,29.11,29.91,28.77,29.37,28.66,28.9,29.24,30.16,29.31,29.28,28.45,28.89,28.67,29.22,28.78,30.46
Finland,Average surface temperature change (°C),18.22,18.36,18.18,16.56,19.37,18.89,18.64,21.14,17.38,19.81,18.41,19.58,21.01,19.5,18.57,20.01,20.85,19.36,17.56,18.84,19.84,20.67,18.35,20.68,20.06,18.3,19.25,17.98,20.88,19.09,20.17,21.43,20.96,20.03
Fiji,Average surface temperature change (°C),27.34,26.97,27.25,26.44,27.06,27.08,26.92,26.19,27.71,26.8,27.03,26.67,26.21,26.49,26.95,26.42,26.37,28.14,27.1,26.6,27.71,27.29,26.55,27.2,26.76,26.33,27.18,27.38,27.05,27.62,27.89,26.99,27.82,26.91
France,Average surface temperature change (°C),24.23,23.96,23.55,23.13,24.97,24.43,23.52,23.58,23.95,23.9,23.56,24.1,23.46,26.38,24.05,24.66,25.1,22.89,23.68,24.88,24.38,23.25,24.23,24.63,23.55,25.73,24.59,25.42,26.27,26.24,25.11,24.23,27.41,25.9
Faroe Islands (Den.),Average surface temperature change (°C),12.1,12.47,11.79,10.28,11.88,12.61,11.94,12.37,11.18,11.96,11.65,11.48,12.49,13.3,12.45,12.19,12.81,11.95,12.58,12.75,12.54,11.68,11.84,12.7,13.09,11.32,12.53,12.52,12.75,12.51,12.26,13.1,12.53,12.99
Federated States of Micronesia,Average surface temperature change (°C),30.95,31.21,30.85,30.71,31.03,30.91,31.01,30.83,31.28,30.62,31.06,31.41,30.77,29.7,29.77,29.95,29.79,29.72,29.88,30.53,30.77,30.65,30.82,31.05,31.33,30.82,31.41,30.93,30.73,30.7,30.82,30.46,30.36,30.76
Gabon,Average surface temperature change (°C),27.3,27.43,26.64,27.38,27.11,27.58,27.23,27.22,27.96,27.6,27.24,27.45,27.87,27.75,27.55,27.46,28.08,27.71,27.59,27.59,27.74,27.59,27.62,27.52,27.5,27.74,27.88,27.78,28.07,27.79,28.18,28.35,28.05,27.43
United Kingdom,Average surface temperature change (°C),19.13,18.41,18.62,17.54,18.71,20.75,18.96,19.31,17.72,18.76,18.34,18.49,18.34,20.09,18.78,18.87,20.04,18.18,18.55,19.22,19.14,17.92,17.87,19.6,19.35,18.34,19.04,18.92,20.39,19.54,18.9,19.55,20.38,19.79
Georgia,Average surface temperature change (°C),24.24,24.56,23.06,23.54,23.58,24.74,24.47,24.32,26.04,25.71,25.84,25.72,24.77,24.79,24.82,25.44,26.35,25.78,25.38,24.56,27.12,25.78,26.28,25.51,26.45,26.23,25.97,26.82,26.42,26.39,25.79,26.75,26.39,26.05
Guernsey (U.K.),Average surface temperature change (°C),20.25,18.9,19.31,18.64,19.62,21.73,20.04,19.73,18.99,19.87,19.39,19.72,18.88,21.29,19.81,20.47,21.15,18.6,19.2,20.08,20.09,18.55,18.87,20.58,20.0,19.74,20.23,20.05,21.67,20.87,20.16,20.03,22.04,20.86
Ghana,Average surface temperature change (°C),29.76,29.37,29.29,29.83,29.33,30.06,29.86,29.87,30.08,29.93,29.8,29.74,30.41,29.74,29.73,29.76,30.62,30.16,29.91,30.19,30.19,30.25,29.72,29.95,30.32,30.47,30.07,30.14,30.14,30.15,30.1,30.32,29.93,30.64
Gibraltar (U.K.),Average surface temperature change (°C),28.97,29.36,27.45,27.82,28.52,27.73,27.67,26.29,28.16,27.91,28.48,28.1,26.92,29.48,28.81,28.94,28.56,27.69,28.55,29.28,28.97,28.41,29.42,28.66,28.08,29.45,29.69,29.98,28.2,28.66,29.13,28.92,29.72,30.16
Guinea,Average surface temperature change (°C),29.39,29.52,29.15,29.5,29.01,29.78,29.6,29.55,29.83,29.23,29.06,29.3,30.08,29.04,29.43,29.65,29.93,29.85,29.37,29.77,29.61,29.89,29.29,29.74,30.04,30.13,29.73,29.85,29.81,29.79,29.83,29.97,29.26,30.33
GLP,Average surface temperature change (°C),30.45,30.24,30.05,30.37,30.3,30.68,29.99,30.58,30.96,30.56,30.56,30.93,30.63,30.1,29.94,30.47,30.29,30.33,30.33,30.5,30.63,30.42,30.42,30.39,30.47,30.57,30.64,30.47,30.16,30.62,30.65,30.26,30.15,31.18
The Gambia,Average surface temperature change (°C),33.52,33.55,33.38,33.61,33.02,33.83,33.81,33.83,33.94,33.39,33.04,33.58,34.07,33.41,33.58,33.93,33.97,33.51,33.48,33.8,33.8,33.87,33.56,33.82,34.25,34.28,33.73,34.01,33.79,34.05,34.15,34.16,33.5,34.53
Guinea-Bissau,Average surface temperature change (°C),31.63,31.77,31.53,31.66,31.1,31.96,31.94,31.83,32.13,31.32,31.04,31.63,32.14,31.46,31.61,31.98,32.0,31.72,31.56,31.91,31.84,31.91,31.54,31.92,32.35,32.33,31.88,32.03,31.95,32.12,32.15,32.24,31.56,32.61
Equatorial Guinea,Average surface temperature change (°C),26.72,27.08,26.33,27.01,26.82,27.2,26.88,26.77,27.29,27.22,26.9,26.98,27.43,27.3,27.18,27.06,27.67,27.29,27.1,27.22,27.34,27.14,27.21,27.13,27.15,27.32,27.3,27.32,27.48,27.24,27.51,27.78,27.62,27.11
Greece,Average surface temperature change (°C),28.42,27.77,28.17,28.68,29.19,28.69,28.64,27.87,29.82,29.55,29.98,29.83,29.05,29.97,28.39,28.43,28.79,30.56,29.87,29.22,29.49,29.17,30.92,29.38,28.74,28.92,29.92,30.13,29.22,30.05,29.49,30.14,29.85,30.01
Grenada,Average surface temperature change (°C),30.37,30.37,30.17,30.47,30.1,30.4,30.1,30.37,30.84,30.4,30.6,30.93,30.67,30.2,30.37,30.87,30.6,30.4,30.63,30.84,30.9,30.73,30.53,30.6,30.6,30.73,30.77,30.54,30.17,30.57,30.67,30.37,30.27,31.07
Greenland (Den.),Average surface temperature change (°C),-1.21,-1.24,-2.78,-2.35,-1.89,-1.54,-2.29,-1.99,-1.7,-2.04,-1.55,-1.21,-1.39,-0.39,-1.25,-1.13,-1.56,-1.12,-0.57,-0.97,-0.7,-0.81,-1.51,-1.19,-0.78,-1.22,-0.47,-1.32,-2.17,-0.32,-1.12,-0.33,-1.63,-1.52
Guatemala,Average surface temperature change (°C),29.37,29.75,29.28,29.03,29.85,29.01,28.98,29.92,30.14,29.21,29.25,29.87,29.96,30.08,30.22,29.99,29.61,29.88,29.57,30.22,29.58,30.02,29.72,29.53,30.41,30.29,30.54,30.18,29.72,30.84,30.48,30.07,29.83,30.99
GUF,Average surface temperature change (°C),30.55,30.52,30.27,30.42,30.49,31.18,30.71,31.25,31.38,30.59,30.75,30.81,30.83,31.08,30.61,31.44,31.05,31.0,30.99,31.1,31.26,31.28,30.96,30.98,30.95,31.37,31.31,31.24,31.02,31.08,31.41,31.09,31.13,31.72
Guam (U.S.),Average surface temperature change (°C),31.39,31.49,31.41,31.42,31.49,30.98,31.27,31.2,30.77,30.73,31.17,31.27,31.13,30.63,31.0,31.04,31.0,31.57,31.41,31.42,30.88,31.06,31.01,31.73,31.02,30.9,31.45,31.38,31.06,31.38,31.16,31.08,30.71,30.49
Guyana,Average surface temperature change (°C),29.96,29.67,29.09,29.46,29.39,30.29,29.71,30.54,30.7,29.75,30.2,30.22,29.87,30.12,29.62,30.14,30.32,29.81,30.09,30.33,30.28,30.42,29.86,29.76,30.21,30.66,30.41,30.51,30.29,30.34,30.46,30.25,30.27,30.95
HKG,Average surface temperature change (°C),31.35,30.98,30.46,30.98,30.09,30.35,30.94,29.91,31.23,30.97,30.87,30.53,30.78,31.43,31.1,30.63,30.71,31.02,30.19,31.09,30.49,31.14,30.72,30.34,31.64,31.22,31.93,31.35,30.96,31.59,32.23,32.03,31.96,31.99
Heard Island and McDonald Islands (Aus.),Average surface temperature change (°C),1.47,2.37,1.4,2.05,1.89,1.57,1.49,2.27,2.06,1.05,1.66,1.58,2.05,2.24,1.85,1.3,0.91,0.58,1.51,1.97,2.5,1.46,2.63,1.78,0.97,1.98,2.5,2.8,1.85,2.3,1.67,2.62,1.48,2.61
Honduras,Average surface temperature change (°C),29.5,30.03,29.73,29.7,29.88,29.61,29.37,30.09,30.13,29.4,29.56,30.18,30.18,30.3,30.3,30.15,30.01,30.13,29.73,30.27,29.83,30.08,29.96,29.76,30.47,30.35,30.6,30.3,29.91,30.72,30.48,30.18,29.86,31.07
Croatia,Average surface temperature change (°C),26.01,25.89,27.38,26.03,27.51,25.74,25.37,25.41,26.49,25.6,26.96,26.32,26.92,29.02,25.62,25.14,26.14,27.54,26.72,26.59,26.66,26.8,28.28,27.64,26.13,28.7,27.14,28.88,28.23,28.78,26.96,28.05,29.2,28.12
Haiti,Average surface temperature change (°C),31.57,31.27,31.46,31.37,31.48,31.97,31.37,31.87,31.91,31.52,31.35,31.36,31.23,31.33,31.07,31.15,31.27,31.44,31.21,31.53,31.81,31.63,31.6,31.52,31.99,32.07,32.0,32.03,31.9,32.44,32.32,31.53,31.33,32.85
Hungary,Average surface temperature change (°C),26.68,25.33,27.6,25.57,27.27,26.0,25.17,24.99,26.06,25.54,26.99,25.89,27.01,28.61,25.51,24.82,25.99,27.88,26.68,26.76,26.45,26.61,28.41,27.59,27.12,29.55,27.87,29.6,28.91,29.63,27.74,28.77,30.08,28.64
Indonesia,Average surface temperature change (°C),30.26,30.35,30.2,30.24,30.12,30.16,30.24,30.43,30.28,30.2,30.15,30.4,30.49,30.29,30.3,30.28,30.14,30.1,29.87,30.38,30.17,30.15,30.17,30.4,30.36,30.47,30.36,30.53,30.78,30.86,30.74,30.78,30.66,30.42
Isle of Man (U.K.),Average surface temperature change (°C),17.54,16.98,17.24,16.07,16.91,19.67,17.5,17.92,16.24,17.28,17.34,17.05,16.58,18.41,17.39,17.52,18.6,16.84,16.97,17.58,17.64,16.26,16.23,18.31,17.91,16.51,17.55,17.22,18.72,17.69,17.17,18.2,18.61,18.18
India,Average surface temperature change (°C),31.68,32.09,32.38,32.44,31.58,32.67,31.97,32.05,32.68,31.9,31.81,31.66,32.49,32.35,32.01,32.59,32.03,32.35,31.61,32.97,32.57,32.06,32.59,31.67,33.03,32.26,32.46,32.28,32.27,32.96,32.37,32.34,32.38,32.5
British Indian Ocean Territory (U.K.),Average surface temperature change (°C),28.97,29.96,29.33,29.06,28.86,29.3,28.86,29.43,29.37,29.4,28.86,29.46,29.1,28.86,28.86,28.86,28.86,28.86,28.86,28.86,28.86,28.86,28.86,28.86,28.86,28.86,28.86,28.86,28.86,28.86,28.86,28.86,28.86,28.86
Ireland,Average surface temperature change (°C),18.6,18.03,18.23,17.19,17.71,20.51,18.43,18.76,17.58,18.38,18.57,18.17,17.65,19.32,18.54,18.56,19.63,17.95,18.03,18.63,18.65,17.23,17.35,19.32,18.84,17.52,18.63,18.24,19.8,18.69,18.08,19.27,19.61,19.25
Islamic Republic of Iran,Average surface temperature change (°C),36.29,35.83,34.96,35.38,35.92,36.25,35.56,36.6,36.71,36.75,36.66,36.72,36.63,36.63,36.68,36.93,37.14,36.67,36.98,36.6,37.29,37.21,36.68,37.04,37.3,37.37,37.12,37.5,37.81,37.5,37.15,38.15,37.12,37.7
Iraq,Average surface temperature change (°C),41.8,41.27,40.37,41.36,41.48,41.92,41.95,41.72,43.07,42.38,42.9,42.56,41.94,42.36,42.09,42.41,42.82,42.48,42.73,42.12,43.3,42.69,42.81,42.3,42.77,43.06,43.07,43.64,43.26,43.37,42.73,43.74,43.38,43.36
Iceland,Average surface temperature change (°C),11.12,11.61,10.04,9.24,10.93,11.14,11.09,11.03,10.45,11.31,11.57,10.64,11.12,12.49,12.5,11.26,11.74,11.61,11.97,11.53,12.13,10.69,11.95,11.33,11.98,10.08,12.05,11.44,10.87,11.89,11.35,11.94,11.06,11.85
Israel,Average surface temperature change (°C),31.32,30.87,31.14,31.92,31.39,32.38,32.12,31.51,32.66,32.04,32.93,32.36,32.32,32.29,31.9,31.83,32.18,32.46,32.97,32.48,33.35,32.29,33.31,31.93,32.1,31.79,33.03,32.73,32.31,32.59,32.02,32.47,32.26,32.88
Italy,Average surface temperature change (°C),25.76,25.84,25.91,25.86,27.17,25.51,25.26,25.5,26.66,26.11,26.33,26.41,26.17,28.63,25.97,25.98,26.47,26.35,26.29,26.63,26.28,26.13,27.57,26.7,25.66,27.93,26.57,27.95,27.37,27.95,26.51,27.25,28.58,27.64
Jamaica,Average surface temperature change (°C),30.89,30.59,30.86,30.88,30.85,30.76,30.46,30.69,31.13,30.7,30.45,30.59,30.67,30.65,30.6,30.43,30.92,30.78,30.34,30.6,31.18,30.92,31.07,31.13,31.66,31.69,31.52,31.75,31.39,31.83,31.54,31.04,30.92,32.28
Jersey (U.K.),Average surface temperature change (°C),21.28,19.84,20.08,19.74,21.25,22.07,21.0,20.4,20.25,20.86,20.21,20.78,19.87,22.65,20.87,21.73,22.21,19.24,20.07,21.44,21.24,19.84,20.25,21.37,20.63,22.18,21.23,21.79,23.18,22.56,21.59,20.66,24.03,22.39
Jordan,Average surface temperature change (°C),34.82,34.41,34.55,35.42,34.86,35.85,35.75,34.92,36.33,35.66,36.58,35.99,35.82,35.84,35.42,35.39,35.71,35.95,36.46,35.95,37.01,35.77,36.73,35.37,35.54,35.56,36.57,36.4,35.71,36.06,35.61,35.93,35.85,36.36
Japan,Average surface temperature change (°C),26.31,25.16,24.71,23.11,26.9,25.29,25.03,25.25,25.05,25.78,26.34,25.92,25.64,24.09,26.67,25.91,25.49,25.7,25.52,25.0,26.91,26.18,25.97,26.61,25.74,25.39,26.08,25.92,26.63,25.63,26.2,26.31,26.6,27.43
Kazakhstan,Average surface temperature change (°C),28.57,29.47,26.94,27.88,28.19,29.82,29.14,29.39,31.37,29.15,29.6,28.45,28.35,28.09,29.19,29.54,29.81,29.63,30.6,28.99,31.14,29.55,31.22,29.49,30.89,30.78,30.26,30.87,30.23,30.48,30.42,31.31,30.65,31.69
Kenya,Average surface temperature change (°C),29.16,28.94,28.46,28.92,28.66,28.98,28.83,29.05,29.11,28.54,28.99,29.09,29.33,29.22,29.45,28.91,29.07,29.01,29.19,29.76,29.11,29.42,29.14,29.08,29.52,29.48,29.53,29.33,28.84,29.54,29.5,29.26,28.86,30.0
Kyrgyz Republic,Average surface temperature change (°C),21.94,21.3,19.87,20.25,21.72,21.77,20.86,22.14,21.21,20.87,21.52,21.35,21.04,20.13,21.01,21.45,21.65,21.68,22.97,20.89,21.19,22.07,22.46,21.51,22.19,22.44,22.09,22.6,22.35,22.63,21.63,22.95,22.53,23.38
Cambodia,Average surface temperature change (°C),31.93,31.62,31.86,32.15,31.08,31.88,31.72,31.92,32.56,31.24,31.38,31.39,31.72,31.73,31.25,31.51,31.25,31.76,31.36,31.59,31.98,31.18,31.31,31.24,31.66,32.25,32.0,31.49,31.07,31.97,32.25,32.14,31.69,32.26
Kiribati,Average surface temperature change (°C),30.99,31.03,31.08,30.94,30.98,30.95,30.96,30.95,30.89,30.77,30.86,30.94,30.99,30.96,30.96,30.98,30.99,30.95,30.9,30.99,30.88,30.93,30.99,30.96,30.96,30.99,30.97,30.97,30.95,31.07,31.13,31.02,30.87,30.98
Saint Kitts and Nevis,Average surface temperature change (°C),31.77,31.67,31.54,31.77,31.77,32.07,31.47,32.1,32.4,31.97,32.0,32.37,32.07,31.4,31.4,31.97,31.84,31.77,31.7,31.94,32.1,31.97,31.84,31.87,31.97,32.07,32.2,31.97,31.73,32.27,32.24,31.84,31.67,32.87
Republic of Korea,Average surface temperature change (°C),28.54,27.4,27.57,25.78,29.62,27.95,27.82,28.4,27.61,27.53,28.76,28.82,27.8,26.64,28.54,28.31,27.85,27.66,27.61,27.29,28.54,27.63,28.38,29.07,27.32,27.77,28.89,28.76,29.54,28.13,28.01,28.69,28.85,29.1
Kosovo,Average surface temperature change (°C),24.77,24.35,25.82,25.0,26.08,24.77,24.29,23.98,25.34,24.9,26.41,24.96,25.5,26.83,24.35,23.66,24.75,26.93,25.68,25.64,25.24,25.67,27.81,26.14,24.86,27.07,25.58,27.29,26.18,27.08,25.72,26.61,27.67,26.46
Kuwait,Average surface temperature change (°C),44.67,43.3,43.08,43.97,44.23,44.2,44.22,44.59,45.55,45.03,45.25,45.18,45.16,45.21,45.29,45.24,45.44,45.24,45.29,45.28,45.51,45.71,45.53,45.33,45.02,45.62,45.69,46.0,45.79,45.93,45.62,46.49,45.89,46.15
Lao People's Democratic Republic,Average surface temperature change (°C),30.13,29.83,30.25,30.54,29.4,29.89,29.81,30.2,30.65,29.83,29.75,29.77,29.81,30.08,29.76,30.02,30.09,30.21,29.48,30.05,30.48,29.86,29.8,29.99,30.16,30.79,30.32,29.8,29.49,30.67,30.82,30.61,30.4,30.98
Lebanon,Average surface temperature change (°C),28.28,27.69,27.48,28.63,28.08,28.71,29.03,27.96,29.89,29.0,30.11,29.38,29.02,29.38,28.88,28.94,29.3,29.6,29.81,29.26,30.36,29.01,30.28,28.81,29.05,29.08,30.07,30.01,29.18,29.31,29.26,29.32,29.33,29.8
Liberia,Average surface temperature change (°C),28.06,28.43,27.81,28.2,28.0,28.55,28.39,28.14,28.57,28.44,28.16,28.18,28.61,28.18,28.13,28.32,28.67,28.56,28.13,28.37,28.58,28.4,28.19,28.29,28.59,28.72,28.67,28.68,28.59,28.4,28.47,28.48,28.14,28.83
Libya,Average surface temperature change (°C),36.35,36.46,36.58,36.52,36.57,37.78,36.47,37.76,37.37,37.74,36.59,37.21,37.73,37.92,37.19,37.38,37.4,37.71,37.82,37.57,37.89,36.97,37.76,36.69,37.12,37.0,37.12,37.28,37.26,37.44,36.75,37.68,37.58,37.07
Saint Lucia,Average surface temperature change (°C),30.73,30.72,30.49,30.79,30.62,30.83,30.36,30.62,31.06,30.72,30.79,31.22,30.99,30.46,30.59,31.09,30.92,30.72,30.89,31.09,31.26,30.99,30.92,30.79,30.92,31.06,31.09,30.93,30.56,30.92,31.09,30.76,30.69,31.59
Liechtenstein,Average surface temperature change (°C),19.87,20.08,20.95,19.16,21.64,19.45,19.02,19.19,20.0,19.08,20.1,20.35,20.58,23.26,20.02,19.8,20.75,20.0,20.3,20.58,20.11,19.72,20.73,21.02,19.48,22.82,20.61,21.99,22.6,22.39,21.24,20.33,23.26,22.58
Sri Lanka,Average surface temperature change (°C),31.02,30.88,31.14,31.35,31.25,31.34,30.71,31.72,31.53,30.94,30.79,31.18,31.58,31.47,31.28,31.49,31.4,31.04,31.08,31.49,31.19,31.49,31.52,30.78,31.81,31.65,31.55,31.58,31.34,31.84,31.49,31.47,31.12,31.87
Lesotho,Average surface temperature change (°C),13.58,13.41,13.71,14.29,12.98,13.71,12.02,13.43,14.69,14.87,14.28,13.62,13.17,13.72,14.25,15.61,14.27,14.71,14.82,14.05,15.04,13.68,14.24,14.44,14.62,14.64,15.23,15.66,15.37,16.53,15.35,15.27,15.18,15.38
Lithuania,Average surface temperature change (°C),20.67,21.85,24.23,19.8,22.69,22.98,21.62,23.1,20.49,24.1,20.99,22.77,24.77,22.48,21.52,22.25,23.41,22.75,22.26,21.75,24.01,23.22,22.01,23.35,22.76,23.55,22.77,21.72,24.13,23.6,23.73,24.27,24.48,24.02
Luxembourg,Average surface temperature change (°C),22.67,22.5,23.23,21.69,24.08,23.52,21.85,23.02,21.84,22.85,21.93,22.91,22.79,25.53,22.45,22.67,23.48,22.08,22.83,23.18,23.33,22.05,22.56,23.62,22.37,24.24,23.22,23.85,25.6,25.18,24.36,22.93,25.92,24.37
Latvia,Average surface temperature change (°C),20.14,21.06,23.04,19.04,21.85,22.12,21.03,23.04,19.52,23.34,20.08,22.05,24.04,21.77,20.78,21.74,23.07,22.12,21.36,21.11,23.33,22.9,21.06,22.83,22.18,22.29,21.85,20.61,23.38,22.65,22.67,23.79,23.66,23.03
MAC,Average surface temperature change (°C),31.68,31.1,30.65,31.18,30.14,30.43,31.0,29.97,31.18,31.0,31.0,30.48,30.8,31.45,31.13,30.71,30.74,31.11,30.21,31.11,30.52,31.2,30.78,30.33,31.7,31.46,32.0,31.47,31.11,31.67,32.34,32.0,31.95,32.11
Saint-Martin (Fr.),Average surface temperature change (°C),32.07,31.94,31.74,31.93,31.94,32.17,31.5,32.07,32.37,31.91,32.14,32.37,32.34,31.3,31.5,32.0,31.94,31.9,31.81,32.08,32.2,32.03,31.97,31.97,32.07,32.17,32.27,32.1,31.9,32.44,32.37,31.94,31.74,32.94
Morocco,Average surface temperature change (°C),32.51,32.67,31.21,31.77,32.68,31.9,31.59,30.79,32.29,32.17,32.65,32.36,31.22,33.25,32.88,32.68,32.56,32.16,32.8,33.27,32.89,32.47,33.44,32.38,31.96,33.1,33.3,33.41,31.84,32.1,32.9,32.63,33.44,33.7
Monaco,Average surface temperature change (°C),24.2,24.18,23.38,23.52,25.24,24.03,23.44,23.53,24.59,24.29,24.14,24.52,23.67,26.88,24.55,24.91,25.28,23.51,24.09,25.56,24.56,23.65,25.22,24.71,23.87,26.09,24.67,25.94,26.2,26.36,25.2,25.07,27.79,26.38
Moldova,Average surface temperature change (°C),26.25,26.25,27.9,25.18,27.22,27.52,26.44,25.35,26.93,28.3,27.43,27.69,27.66,27.27,26.14,26.46,27.06,29.25,28.0,28.26,28.87,27.83,29.62,27.83,27.74,29.06,28.65,28.4,28.62,29.08,28.87,28.19,29.23,28.98
Madagascar,Average surface temperature change (°C),24.56,24.47,24.35,24.61,24.75,24.83,24.32,24.91,25.06,24.73,24.81,24.66,25.02,24.73,24.7,24.85,24.92,24.87,24.65,24.97,25.22,25.22,25.17,24.7,25.46,25.42,24.93,25.7,25.48,25.49,25.17,25.07,24.89,25.64
Maldives,Average surface temperature change (°C),30.62,30.86,30.56,30.55,30.57,30.74,30.48,30.92,30.87,30.65,30.51,30.76,30.9,30.79,30.67,30.8,30.7,30.66,30.52,30.66,30.67,30.81,30.73,30.48,30.87,30.89,30.96,30.9,30.67,30.86,30.83,30.87,30.64,31.04
Mexico,Average surface temperature change (°C),31.77,31.85,32.09,31.91,32.78,32.16,32.34,32.62,33.2,31.68,32.01,32.38,32.26,32.06,31.81,32.34,32.31,31.89,31.93,33.03,32.42,33.54,32.9,32.61,32.78,32.79,32.8,32.88,33.25,33.55,33.57,32.4,33.17,33.99
Marshall Islands,Average surface temperature change (°C),30.93,30.85,30.89,30.79,30.97,30.6,30.68,30.51,30.41,30.09,30.28,30.67,30.96,30.86,30.93,31.19,31.1,30.96,30.47,31.37,30.18,30.62,31.12,31.2,30.98,31.31,31.31,31.12,30.78,31.34,31.14,31.06,30.46,31.06
North Macedonia,Average surface temperature change (°C),26.1,25.34,26.07,26.27,26.98,25.89,25.84,25.24,27.11,26.8,27.67,26.87,26.41,27.86,25.85,25.54,26.25,28.11,27.24,26.84,26.81,26.87,28.88,27.09,26.05,27.64,27.09,27.98,26.85,27.89,26.86,27.5,28.01,27.62
Mali,Average surface temperature change (°C),38.93,38.33,38.46,38.94,38.16,39.02,38.9,39.03,39.02,38.22,38.57,38.37,39.44,38.07,38.65,38.53,39.1,38.9,38.5,39.22,38.7,39.01,38.28,38.76,39.03,39.04,38.73,38.66,38.7,38.75,38.8,38.99,38.5,39.23
Malta,Average surface temperature change (°C),29.36,29.24,28.87,29.97,30.91,29.76,29.53,30.39,31.0,31.27,30.54,30.6,29.99,32.21,30.06,29.98,30.55,30.76,29.94,30.56,29.89,30.03,31.98,29.72,30.04,30.81,29.81,31.41,29.91,31.33,30.02,31.96,31.72,30.57
Myanmar,Average surface temperature change (°C),29.24,28.89,29.37,29.24,28.99,29.05,28.84,29.26,29.34,28.88,28.99,28.87,28.93,29.02,28.84,29.33,29.41,29.21,28.68,29.33,29.56,29.04,29.01,29.31,29.33,29.45,29.53,29.29,29.14,29.84,29.68,29.63,29.82,30.02
Montenegro,Average surface temperature change (°C),23.43,23.43,24.33,23.92,24.92,23.35,23.33,23.07,24.5,23.9,25.13,23.82,24.33,25.73,23.26,22.7,23.6,25.37,24.32,24.27,24.15,24.48,26.27,25.0,23.67,25.78,24.46,26.01,25.03,25.83,24.41,25.47,26.34,25.17
Mongolia,Average surface temperature change (°C),21.81,23.93,22.92,21.7,23.22,23.51,23.03,24.03,23.25,24.52,25.12,25.52,26.01,23.04,24.4,25.01,23.93,25.93,24.83,23.97,25.13,24.63,23.75,23.34,23.86,25.03,24.84,25.81,24.64,24.65,24.05,23.57,24.23,25.22
Northern Mariana Islands (U.S.),Average surface temperature change (°C),31.66,31.87,31.66,31.62,31.56,31.1,31.3,31.4,30.93,31.03,31.1,31.23,31.03,30.63,30.9,30.96,30.9,31.37,31.43,31.3,30.8,30.83,30.87,31.04,30.8,30.87,30.83,30.96,30.67,30.97,30.77,30.86,30.86,30.53
Mozambique,Average surface temperature change (°C),27.2,26.99,26.91,26.7,26.41,27.11,26.48,27.54,27.41,26.86,26.55,26.98,27.33,26.61,27.25,28.03,26.95,27.35,27.33,27.19,26.71,26.77,27.52,27.32,27.55,27.95,27.23,27.54,27.44,27.73,27.02,27.01,26.78,27.73
Mauritania,Average surface temperature change (°C),40.35,40.07,40.07,40.36,39.9,40.88,40.39,40.31,40.81,40.31,39.99,40.3,40.53,40.3,40.58,40.7,40.79,40.43,40.47,40.85,40.44,40.52,40.46,40.53,40.62,40.67,40.58,40.63,40.21,40.44,40.69,40.64,40.31,41.03
Montserrat (U.K.),Average surface temperature change (°C),30.44,30.14,29.97,30.27,30.24,30.64,29.9,30.53,30.9,30.44,30.51,30.93,30.57,29.97,29.9,30.47,30.3,30.3,30.37,30.54,30.6,30.43,30.44,30.44,30.5,30.61,30.67,30.5,30.2,30.77,30.7,30.34,30.17,31.34
MTQ,Average surface temperature change (°C),30.31,30.34,30.07,30.42,30.26,30.51,29.99,30.24,30.73,30.33,30.39,30.8,30.59,30.05,30.12,30.67,30.49,30.36,30.48,30.76,30.83,30.62,30.54,30.39,30.55,30.66,30.7,30.55,30.16,30.56,30.7,30.32,30.28,31.22
Mauritius,Average surface temperature change (°C),23.96,23.54,23.37,23.82,24.19,23.97,23.66,23.83,24.0,24.27,23.77,24.28,23.95,23.77,24.05,24.07,24.4,24.43,23.94,24.58,24.73,25.1,24.63,24.24,24.83,24.81,23.96,25.24,24.83,24.77,24.1,24.34,23.92,25.5
Malawi,Average surface temperature change (°C),25.74,25.52,25.37,24.94,25.07,25.9,25.34,26.24,25.87,25.01,25.06,25.46,26.14,25.24,25.77,26.81,25.73,25.73,25.61,25.54,25.27,25.36,25.55,25.61,25.85,26.06,25.58,26.23,25.52,25.88,25.37,25.29,24.97,26.05
Malaysia,Average surface temperature change (°C),30.89,30.98,30.66,30.8,30.64,30.41,30.61,31.08,30.66,30.67,30.7,31.05,31.21,30.83,30.79,30.88,30.74,30.5,30.24,31.03,30.49,30.83,30.9,31.06,31.05,31.19,31.2,31.67,32.2,32.55,32.21,32.34,32.01,31.15
MYT,Average surface temperature change (°C),26.06,26.03,25.89,25.86,26.36,26.33,25.89,26.26,26.7,26.2,26.16,26.2,26.33,26.33,25.93,26.39,26.23,26.5,26.03,26.83,26.7,26.73,26.56,26.43,26.86,27.1,26.6,27.16,26.86,26.97,26.96,26.67,26.43,27.26
Namibia,Average surface temperature change (°C),23.46,23.2,23.66,23.67,23.29,23.39,22.89,23.6,23.85,23.71,23.93,23.52,23.59,23.43,23.57,24.01,23.78,23.38,24.09,24.0,24.45,23.53,23.38,23.61,23.69,24.13,24.46,24.08,23.5,24.01,23.44,23.58,23.75,23.93
New Caledonia (Fr.),Average surface temperature change (°C),23.61,23.37,22.94,23.32,22.65,23.42,23.47,22.54,24.31,23.39,23.24,22.96,23.32,23.21,23.32,23.07,22.93,24.01,23.61,23.29,24.37,23.39,23.24,23.08,23.53,23.15,24.1,23.91,23.3,23.4,23.65,24.12,23.55,23.41
Niger,Average surface temperature change (°C),38.73,38.21,38.29,38.88,37.72,39.43,38.69,39.19,38.83,38.24,38.76,38.81,39.64,38.25,38.92,38.37,39.42,38.86,38.97,39.75,38.79,39.38,38.15,38.83,39.36,39.58,38.38,38.27,38.71,38.25,38.64,38.86,38.45,38.97
Norfolk Island (Aus.),Average surface temperature change (°C),18.83,18.73,18.39,18.69,17.99,18.7,18.96,18.09,19.69,18.73,18.9,18.56,18.72,18.69,18.49,18.79,18.23,19.13,18.79,18.66,18.86,18.76,18.7,18.66,18.99,18.76,19.6,19.29,19.13,19.16,19.16,19.29,19.56,18.69
Nigeria,Average surface temperature change (°C),30.74,30.41,30.2,30.88,30.14,31.23,30.9,31.03,31.04,30.8,30.85,30.73,31.51,30.56,30.92,30.63,31.57,31.05,30.98,31.6,31.08,31.54,30.3,30.91,31.23,31.57,30.81,30.74,31.04,30.62,30.93,31.18,30.7,31.27
Nicaragua,Average surface temperature change (°C),29.81,30.28,30.07,30.2,30.16,30.06,29.65,30.4,30.31,29.61,29.77,30.34,30.26,30.32,30.21,30.26,30.25,30.2,29.87,30.31,30.1,30.1,30.04,29.93,30.41,30.3,30.45,30.25,29.94,30.36,30.36,30.17,29.8,31.04
Niue (N.Z.),Average surface temperature change (°C),26.31,25.93,25.91,25.24,25.25,26.41,26.67,25.93,26.22,26.43,26.25,26.83,26.63,25.94,26.28,26.17,26.41,26.43,25.91,26.19,26.01,26.56,26.11,26.55,25.94,25.64,26.38,26.39,26.3,26.69,26.63,26.38,26.25,26.83
Netherlands,Average surface temperature change (°C),21.81,21.28,22.72,20.4,23.07,23.01,21.13,22.61,20.66,22.19,20.8,22.07,22.12,24.35,21.52,21.48,22.79,21.38,22.03,22.4,22.74,21.06,21.53,22.64,22.05,22.67,22.28,22.47,24.47,24.1,23.37,22.32,24.67,23.24
Norway,Average surface temperature change (°C),14.53,14.26,14.56,12.51,15.1,14.28,14.46,17.0,12.91,14.51,13.37,14.62,16.6,16.0,14.83,15.06,16.53,15.2,14.93,15.01,14.6,15.34,13.73,15.65,16.11,14.19,14.82,14.17,16.29,15.2,15.82,15.99,15.78,15.7
Nepal,Average surface temperature change (°C),24.18,24.3,24.59,24.78,24.66,24.94,24.26,24.25,24.8,24.19,24.0,24.06,25.02,24.67,24.12,25.1,24.67,24.96,23.44,25.83,25.45,24.05,25.4,24.23,25.35,24.8,24.73,24.61,24.64,25.23,24.83,24.71,25.08,24.76
Nauru,Average surface temperature change (°C),31.03,30.97,31.1,30.9,31.07,31.27,31.14,31.0,31.23,30.94,31.03,31.03,31.03,31.03,31.03,31.03,31.03,31.03,30.97,31.03,30.93,31.03,31.1,31.03,31.03,31.07,31.1,31.07,31.03,31.24,31.53,31.4,31.1,31.07
New Zealand,Average surface temperature change (°C),10.1,9.59,9.02,10.03,9.43,9.07,9.23,9.88,10.47,10.45,10.61,10.12,10.4,10.42,9.71,10.36,9.67,9.91,10.02,9.81,10.19,10.11,10.28,10.66,10.53,9.68,10.49,10.64,10.46,10.2,10.87,10.99,11.42,10.54
Oman,Average surface temperature change (°C),38.3,37.55,38.55,38.52,38.29,38.42,37.89,38.46,39.1,38.28,38.38,38.43,38.58,38.85,38.63,38.75,38.7,38.98,38.61,39.21,38.99,38.89,38.65,38.63,39.14,39.35,38.92,39.36,38.96,39.47,39.38,39.13,38.83,39.43
Pakistan,Average surface temperature change (°C),35.59,35.72,35.27,35.46,35.35,35.65,34.88,35.0,35.51,35.57,35.29,35.35,35.96,35.52,35.62,35.65,35.48,35.64,35.56,36.1,35.36,35.86,35.91,35.76,36.46,35.52,36.17,36.0,36.23,36.2,36.21,36.16,35.13,35.68
Panama,Average surface temperature change (°C),29.27,29.17,28.94,29.16,28.96,28.85,28.18,28.57,28.44,28.56,28.66,29.12,28.8,28.17,28.34,28.6,28.49,28.26,28.57,29.19,28.9,28.93,29.14,29.23,29.61,29.42,29.45,28.97,29.03,29.45,28.96,28.66,28.32,29.85
Pitcairn Islands (U.K.),Average surface temperature change (°C),21.3,20.63,20.93,19.93,20.69,21.06,20.96,20.52,21.06,22.06,21.85,21.1,21.06,20.86,20.19,20.16,20.96,20.89,20.93,20.93,21.16,20.76,20.39,19.76,21.06,20.89,20.7,21.32,21.26,20.36,20.56,21.29,21.13,20.76
Peru,Average surface temperature change (°C),24.72,25.16,25.26,25.53,25.24,25.64,24.68,26.19,26.06,24.91,25.08,24.88,25.0,25.05,24.94,25.41,25.58,24.7,25.33,25.54,25.11,25.56,25.58,24.68,25.55,26.13,25.75,25.57,24.88,25.63,25.68,25.74,25.22,27.32
Philippines,Average surface temperature change (°C),30.54,30.86,30.89,31.09,30.49,30.64,30.6,30.62,31.46,30.23,30.42,30.62,30.45,30.52,30.49,30.56,30.55,30.94,30.49,30.41,30.79,30.28,30.56,30.85,30.77,30.8,31.17,30.74,30.7,30.74,31.04,31.26,31.08,31.21
Palau,Average surface temperature change (°C),31.18,31.08,30.85,30.9,30.59,31.57,31.51,30.94,32.13,31.38,31.97,31.65,31.24,30.36,30.03,30.07,30.06,29.89,29.9,30.1,30.85,30.16,30.53,31.15,30.97,30.99,31.65,31.06,30.56,30.38,30.0,30.0,29.51,29.96
Papua New Guinea,Average surface temperature change (°C),29.26,29.22,29.34,29.17,28.97,28.97,29.05,28.93,29.18,29.04,28.88,28.99,29.01,29.12,28.96,29.04,28.99,28.95,28.94,29.08,29.18,29.0,29.02,29.06,29.03,29.07,29.12,29.1,29.08,29.08,29.1,29.15,29.06,29.15
Poland,Average surface temperature change (°C),22.63,22.35,25.28,21.01,23.92,23.67,21.85,23.09,21.84,23.52,22.39,22.93,24.52,24.55,22.43,22.48,23.88,23.6,23.52,22.87,23.98,23.03,23.39,23.93,23.85,25.43,24.34,24.42,25.79,25.81,24.83,25.03,26.0,25.26
Puerto Rico (U.S.),Average surface temperature change (°C),29.84,29.73,29.73,29.83,29.95,30.25,29.56,30.23,30.51,29.93,30.13,30.38,30.13,29.22,29.63,29.87,29.85,29.84,29.71,29.88,29.98,29.8,29.96,30.02,30.12,30.14,30.29,30.06,29.95,30.62,30.34,29.93,29.61,30.93
D. P. R. of Korea,Average surface temperature change (°C),24.56,24.4,24.18,22.72,26.01,24.05,24.4,25.97,24.15,25.16,26.1,25.67,24.57,23.9,25.24,24.55,24.42,25.12,24.74,24.03,25.33,24.53,24.75,25.45,24.98,24.82,25.52,25.54,25.95,24.98,24.96,25.53,25.17,25.89
Portugal,Average surface temperature change (°C),28.69,28.97,27.03,27.67,28.38,27.99,27.72,26.15,28.34,28.05,28.22,27.82,26.95,29.17,28.71,29.16,28.87,27.18,28.15,28.91,28.97,28.36,29.29,29.11,28.42,29.61,29.77,29.92,28.46,28.8,29.27,28.67,30.15,30.23
Paraguay,Average surface temperature change (°C),23.71,25.74,24.16,24.9,26.61,26.48,24.73,26.14,24.99,24.49,24.41,27.17,24.88,26.07,25.28,26.1,27.14,23.78,25.89,24.14,24.82,24.8,25.28,24.59,25.91,26.66,24.73,27.03,24.1,25.77,26.71,25.77,26.1,27.37
West Bank and Gaza,Average surface temperature change (°C),30.48,30.11,30.4,31.27,30.71,31.61,31.4,30.79,32.01,31.32,32.29,31.67,31.64,31.67,31.26,31.14,31.36,31.74,32.29,31.84,32.69,31.56,32.63,31.17,31.22,31.01,32.29,32.03,31.49,31.8,31.21,31.66,31.49,32.04
French Polynesia (Fr.),Average surface temperature change (°C),26.39,26.55,26.42,26.2,26.13,26.66,26.02,25.74,26.06,26.28,26.0,26.17,26.17,26.24,25.88,26.32,26.27,26.39,25.95,26.2,26.21,25.75,26.18,25.75,25.96,25.89,26.46,26.35,26.01,26.22,26.0,26.11,25.88,26.35
Qatar,Average surface temperature change (°C),41.15,39.66,40.64,41.07,40.62,40.57,41.25,40.67,42.18,41.88,41.89,41.13,41.43,41.13,41.43,41.2,41.69,41.15,41.07,41.42,41.34,41.32,41.84,40.51,42.06,42.16,42.2,42.33,42.81,42.67,42.52,42.91,42.39,42.9
REU,Average surface temperature change (°C),20.39,19.97,19.64,20.18,20.44,20.43,20.07,20.25,20.28,20.46,19.97,20.49,20.36,20.06,20.2,20.33,20.58,20.72,19.99,20.67,20.87,21.28,20.59,20.29,20.89,20.91,20.01,21.2,21.05,20.86,20.23,20.62,20.16,21.56
Romania,Average surface temperature change (°C),25.48,24.75,26.78,24.62,26.35,25.83,25.0,24.08,25.7,26.08,26.8,25.92,26.36,27.23,25.14,24.7,25.56,27.97,26.66,26.81,26.52,26.48,28.62,26.76,26.13,28.1,27.02,27.96,27.35,28.15,27.03,27.31,28.67,27.65
Russian Federation,Average surface temperature change (°C),19.17,19.34,18.16,18.63,18.77,19.28,18.6,18.69,19.79,19.05,19.4,19.65,19.51,19.42,18.91,19.6,19.43,19.57,19.33,19.1,20.02,19.9,20.2,19.83,19.7,19.74,20.48,19.81,20.04,19.94,20.17,20.84,20.18,20.65
Rwanda,Average surface temperature change (°C),25.73,25.73,25.46,26.04,25.81,26.18,26.22,26.29,25.93,26.15,26.14,25.85,26.42,26.08,26.33,25.99,25.85,25.3,26.15,26.3,26.25,25.83,25.73,25.82,25.57,25.6,25.73,25.66,25.26,25.82,25.54,25.49,25.34,26.38
Saudi Arabia,Average surface temperature change (°C),40.71,39.93,40.38,40.82,40.54,40.9,41.06,40.78,41.75,41.34,41.62,41.22,41.3,41.27,41.13,41.15,41.49,41.24,41.32,41.5,41.78,41.47,41.88,41.02,41.46,41.61,41.77,41.84,41.7,41.89,41.72,41.96,41.77,42.17
Sudan,Average surface temperature change (°C),38.35,37.41,37.12,37.67,37.16,37.58,37.7,37.72,37.76,37.17,38.07,37.34,38.52,37.52,38.32,38.11,38.14,36.86,38.01,38.84,38.32,39.03,37.89,37.89,37.92,39.03,38.31,38.9,37.72,37.82,37.02,38.01,37.27,37.95
Senegal,Average surface temperature change (°C),34.62,34.66,34.53,34.75,34.09,35.04,34.9,34.89,35.03,34.43,34.09,34.62,35.19,34.47,34.69,34.96,35.08,34.71,34.54,34.91,34.86,34.97,34.64,34.92,35.34,35.36,34.84,35.06,34.9,35.12,35.17,35.23,34.51,35.61
Singapore,Average surface temperature change (°C),31.34,31.63,31.09,31.4,31.23,31.16,31.24,31.88,31.42,31.13,31.23,31.66,32.06,31.62,31.52,31.56,31.2,31.06,30.76,31.49,31.34,31.36,31.42,31.62,31.79,31.86,31.6,32.63,32.9,33.19,32.73,32.66,32.64,31.69
"Saint Helena, Ascension and Tristan da Cunha (U.K.)",Average surface temperature change (°C),18.72,18.08,17.96,18.37,18.49,18.36,18.27,18.1,18.28,18.21,18.44,17.91,18.29,18.34,18.41,18.36,18.69,18.11,17.9,18.68,18.23,18.37,18.29,18.18,18.12,18.01,18.67,18.67,18.33,18.71,18.57,18.63,18.23,18.67
Svalbard and Jan Mayen (Nor.),Average surface temperature change (°C),4.1,3.76,3.4,4.11,3.2,3.59,3.25,3.22,4.44,3.56,3.42,4.12,4.89,4.56,4.57,4.77,4.57,4.85,3.83,4.13,3.64,4.62,4.05,4.97,4.16,4.71,4.9,4.18,4.47,4.63,4.61,4.29,4.83,4.33
Solomon Islands,Average surface temperature change (°C),29.59,28.91,29.19,28.55,28.71,29.16,29.28,29.02,29.02,29.22,29.2,29.06,29.06,29.1,29.16,29.14,29.09,29.06,29.06,29.14,29.29,29.06,29.06,29.06,29.06,29.06,29.06,29.06,29.06,29.06,29.06,29.06,29.06,29.06
Sierra Leone,Average surface temperature change (°C),29.13,29.23,29.0,29.28,29.0,29.57,29.3,29.38,29.61,29.14,28.84,29.12,29.71,28.97,29.1,29.43,29.73,29.5,29.08,29.33,29.34,29.59,29.05,29.26,29.57,29.65,29.41,29.55,29.43,29.5,29.42,29.64,28.96,29.92
El Salvador,Average surface temperature change (°C),30.68,31.28,30.91,30.81,31.27,30.54,30.44,31.48,31.45,30.52,30.69,31.28,31.3,31.36,31.3,31.25,31.1,31.2,30.85,31.42,31.1,31.26,31.06,30.91,31.51,31.48,31.64,31.32,30.96,31.58,31.54,31.33,30.86,32.13
San Marino,Average surface temperature change (°C),25.81,26.16,26.42,25.92,27.38,25.44,25.11,25.22,26.73,25.64,26.31,26.66,26.35,29.05,25.9,25.91,26.32,25.95,26.22,26.47,26.3,26.28,27.36,27.1,25.5,28.32,26.84,28.29,27.85,28.19,26.48,27.34,28.88,27.93
Somalia,Average surface temperature change (°C),32.0,32.08,31.95,31.74,31.94,31.97,31.75,32.19,32.32,31.77,32.12,31.94,32.48,32.17,32.13,31.87,32.14,31.89,32.13,32.45,31.98,32.18,31.99,32.02,32.28,32.39,32.33,32.44,31.9,32.35,32.23,32.22,32.05,32.73
Saint-Pierre-et-Miquelon (Fr.),Average surface temperature change (°C),18.85,17.21,16.41,16.47,18.63,18.03,18.17,17.37,18.47,19.52,18.43,18.45,17.47,18.28,17.87,18.66,18.6,18.15,18.04,18.51,18.57,17.22,20.15,18.97,18.85,17.42,17.27,17.4,17.51,17.24,17.43,17.8,17.5,17.0
Serbia,Average surface temperature change (°C),26.07,25.5,27.32,25.96,27.22,25.99,25.42,24.98,26.39,25.9,27.58,26.09,26.84,28.25,25.57,24.83,25.95,28.18,26.91,26.94,26.48,26.89,29.05,27.47,26.29,28.61,27.01,28.83,27.81,28.64,27.08,28.1,29.29,27.91
South Sudan,Average surface temperature change (°C),32.82,31.72,31.32,32.18,31.25,31.69,31.53,31.58,31.75,31.27,32.52,31.75,32.63,31.71,32.65,31.93,32.14,31.58,32.12,33.28,32.07,32.45,31.25,31.82,31.7,32.51,32.14,32.0,31.38,31.44,31.31,31.74,31.02,32.34
São Tomé and Príncipe,Average surface temperature change (°C),25.47,26.03,25.17,25.89,25.7,26.08,25.69,25.48,25.99,26.28,25.94,25.85,26.47,26.26,25.92,25.86,26.58,26.24,26.12,26.12,26.34,26.06,26.14,25.85,25.93,25.95,25.93,26.09,26.23,25.98,26.03,26.55,26.49,26.21
Suriname,Average surface temperature change (°C),30.86,30.81,30.4,30.66,30.64,31.49,30.89,31.68,31.57,30.83,31.24,31.1,30.79,31.27,30.55,31.32,31.29,31.02,31.28,31.16,31.27,31.4,30.97,30.88,31.09,31.56,31.45,31.48,31.3,31.32,31.55,31.3,31.33,31.99
Slovak Republic,Average surface temperature change (°C),23.6,22.15,24.71,22.02,24.09,23.03,21.82,22.1,22.69,22.54,23.41,22.69,23.98,25.32,22.34,21.85,23.13,24.34,23.55,23.36,23.5,23.26,24.6,24.36,24.17,26.5,24.94,26.25,26.12,26.65,24.94,25.56,26.81,25.69
Slovenia,Average surface temperature change (°C),23.46,23.44,25.0,23.44,25.19,23.09,22.84,23.0,23.97,22.94,24.36,24.03,24.53,26.91,23.21,22.75,23.85,24.9,24.27,24.2,24.25,24.39,25.62,25.28,23.42,26.24,24.46,26.25,25.84,26.26,24.36,25.14,26.61,25.76
Sweden,Average surface temperature change (°C),17.96,17.73,18.36,15.93,18.98,18.18,18.11,20.69,16.23,18.46,17.0,18.52,20.55,19.55,18.19,18.87,20.52,18.86,18.41,18.55,18.63,19.25,17.43,19.42,19.58,17.88,18.47,17.72,20.34,19.14,19.4,19.87,19.67,19.26
Eswatini,Average surface temperature change (°C),24.04,23.67,23.9,24.06,23.32,23.44,22.39,23.75,24.44,24.38,23.45,23.64,23.7,23.71,24.16,25.42,23.76,24.19,24.63,23.88,23.99,23.8,25.07,24.75,24.79,25.36,25.05,24.99,24.93,25.76,24.22,24.29,24.7,24.75
Sint Maarten (Neth.),Average surface temperature change (°C),32.07,31.94,31.74,31.93,31.94,32.17,31.5,32.07,32.37,31.91,32.14,32.37,32.34,31.3,31.5,32.0,31.94,31.9,31.81,32.08,32.2,32.03,31.97,31.97,32.07,32.17,32.27,32.1,31.9,32.44,32.37,31.94,31.74,32.94
Seychelles,Average surface temperature change (°C),27.97,28.03,27.87,27.85,28.2,28.41,27.68,28.38,28.64,28.14,27.99,28.2,28.15,28.27,27.87,28.29,28.34,28.64,28.02,28.75,28.8,28.72,28.43,28.25,28.68,28.92,28.37,28.89,28.65,28.71,28.82,28.47,28.17,29.0
Syrian Arab Republic,Average surface temperature change (°C),36.34,35.72,35.04,36.1,35.91,36.36,36.84,35.67,37.74,36.87,37.9,37.31,36.53,37.1,36.61,36.74,37.24,37.47,37.55,37.0,38.28,36.86,37.88,36.45,37.13,37.13,37.82,38.2,37.28,37.37,37.27,37.41,37.52,37.67
Turks and Caicos Islands (U.K.),Average surface temperature change (°C),31.8,31.47,31.57,31.64,31.55,32.02,31.4,32.18,32.19,31.62,31.41,31.5,31.4,31.69,31.3,31.43,31.58,31.75,31.55,31.74,31.84,31.79,31.86,31.71,32.16,32.27,31.97,32.15,32.11,32.68,32.67,31.69,31.7,33.32
Chad,Average surface temperature change (°C),36.31,36.28,36.16,36.29,35.76,36.87,36.23,37.04,36.42,35.94,36.55,36.2,36.9,36.36,36.9,36.54,36.99,36.39,36.71,37.23,36.84,37.18,36.06,36.47,36.68,37.26,36.41,36.56,36.25,36.25,36.29,36.39,36.1,36.37
Togo,Average surface temperature change (°C),29.53,29.26,29.09,29.6,29.22,29.84,29.66,29.67,29.86,29.8,29.6,29.58,30.25,29.66,29.55,29.61,30.5,30.0,29.74,30.05,30.09,30.18,29.63,29.83,30.17,30.34,30.02,29.96,30.06,29.98,29.96,30.25,29.89,30.53
Thailand,Average surface temperature change (°C),32.17,31.75,32.0,32.46,31.1,31.8,31.65,32.14,32.59,31.34,31.43,31.33,31.54,31.53,31.29,31.69,31.43,31.77,31.34,31.72,32.12,31.23,31.45,31.42,31.89,32.64,31.96,31.67,31.18,32.24,32.52,32.36,32.03,32.71
Tajikistan,Average surface temperature change (°C),22.31,21.57,20.44,21.1,22.3,22.55,21.48,22.64,21.49,21.66,22.06,21.78,21.76,21.14,21.73,21.99,22.3,22.58,23.78,21.91,21.93,23.03,23.01,22.14,22.63,22.89,23.24,23.41,22.89,22.97,21.79,23.26,22.89,23.64
Tokelau (N.Z.),Average surface temperature change (°C),30.9,31.14,31.21,30.75,30.94,31.48,31.62,31.08,31.16,31.48,31.34,31.9,31.64,30.95,31.37,31.12,31.31,31.68,30.89,31.22,31.52,31.51,31.17,31.42,30.92,30.82,31.33,31.38,31.22,31.67,31.63,31.36,31.24,31.65
Turkmenistan,Average surface temperature change (°C),36.27,36.16,34.62,35.47,35.65,36.95,36.32,37.05,36.81,37.04,37.15,36.43,36.61,35.56,36.19,36.76,37.51,37.02,37.27,36.17,37.9,37.31,37.47,36.4,37.3,37.74,37.06,37.5,37.6,37.24,36.92,38.54,37.64,38.12
Timor-Leste,Average surface temperature change (°C),28.83,28.88,28.82,28.99,28.05,28.7,28.94,28.54,29.91,28.36,28.17,28.52,28.24,29.18,28.15,29.1,27.81,27.88,28.5,28.7,29.13,28.22,28.15,29.24,28.66,29.06,29.66,29.34,29.01,28.73,29.38,29.57,28.91,29.5
Tonga,Average surface temperature change (°C),26.35,25.69,25.63,24.52,24.33,26.15,26.13,25.45,26.3,25.79,26.23,26.26,25.96,25.95,26.44,25.98,25.95,26.36,25.92,26.15,26.23,26.69,25.96,26.49,26.06,25.78,26.66,26.62,26.0,26.5,27.07,26.1,26.13,26.21
Trinidad and Tobago,Average surface temperature change (°C),30.81,30.81,30.63,31.13,30.57,31.07,30.51,30.75,31.47,31.08,31.04,31.55,31.12,31.12,31.08,31.38,31.4,31.0,31.28,31.54,31.46,31.52,31.22,31.35,31.44,31.49,31.47,31.21,30.85,31.18,31.32,30.95,30.99,31.76
Tunisia,Average surface temperature change (°C),35.08,34.86,34.28,35.37,36.32,35.2,34.86,35.9,35.99,36.83,35.72,36.07,35.58,37.61,35.56,35.69,35.99,36.04,35.73,36.51,35.56,35.52,37.3,34.98,35.74,36.31,35.48,37.04,35.69,37.01,35.79,37.51,37.14,36.03
Türkiye,Average surface temperature change (°C),27.98,27.76,26.74,27.67,27.98,27.96,28.22,27.3,29.26,28.76,29.31,29.6,28.35,29.04,28.19,28.76,29.27,29.91,29.61,28.57,29.81,28.66,29.75,28.59,29.21,28.24,29.58,29.66,29.19,28.97,29.2,29.32,29.24,29.57
Tuvalu,Average surface temperature change (°C),31.56,31.81,31.63,31.08,31.38,31.59,31.44,31.3,31.01,31.43,31.32,31.52,31.65,31.25,31.48,31.55,31.81,31.94,31.41,31.59,31.75,31.55,31.28,31.3,31.12,31.1,31.36,31.42,31.39,31.66,31.64,31.43,31.55,31.39
TWN,Average surface temperature change (°C),27.5,28.24,27.49,28.02,27.46,27.28,28.04,26.76,28.23,27.39,27.44,28.0,27.69,28.29,27.98,27.57,27.71,28.04,27.57,28.0,27.68,28.18,27.78,28.06,28.41,28.22,28.79,28.31,27.91,28.06,28.61,28.2,28.66,28.4
Tanzania,Average surface temperature change (°C),27.17,27.16,26.74,26.98,27.13,27.62,27.37,27.48,27.47,26.91,26.98,27.12,27.46,27.27,27.39,27.39,26.93,26.9,26.92,27.34,27.16,27.33,27.08,27.27,27.26,27.46,27.3,27.31,26.93,27.41,27.33,26.91,26.66,27.52
Uganda,Average surface temperature change (°C),28.5,28.13,27.22,28.33,27.72,28.17,28.26,28.5,27.95,27.94,28.57,28.38,28.66,28.44,28.94,28.29,28.4,28.23,28.67,29.06,28.54,28.29,28.02,28.21,28.29,28.17,28.39,28.1,27.75,28.29,28.18,28.15,27.88,28.97
Ukraine,Average surface temperature change (°C),24.23,25.24,26.44,23.4,25.25,26.19,25.16,24.22,25.33,27.02,25.34,26.13,26.7,25.54,24.72,25.13,25.7,27.45,26.3,26.23,27.94,26.42,27.4,26.54,26.43,27.46,27.05,26.74,27.31,27.34,27.42,27.34,27.73,27.22
U.S. Minor Outlying Islands,Average surface temperature change (°C),29.6,29.85,29.68,29.84,29.7,30.08,30.15,29.86,30.06,29.93,29.6,29.74,29.57,29.54,29.85,29.72,29.41,29.5,29.29,29.79,29.55,29.55,29.55,29.55,29.55,29.55,29.55,29.41,29.55,29.57,29.55,29.23,29.39,29.26
Uruguay,Average surface temperature change (°C),17.25,17.12,16.77,16.8,17.56,17.33,17.02,18.23,17.1,16.89,16.48,18.7,16.98,16.95,17.75,18.34,18.45,15.17,17.5,17.26,16.71,16.16,17.4,16.95,18.01,18.72,16.35,18.88,15.55,17.73,17.8,17.46,17.13,18.55
United States of America,Average surface temperature change (°C),27.46,27.27,25.95,26.54,27.56,27.17,27.09,26.6,27.07,26.87,27.01,27.36,27.59,27.44,26.5,27.54,27.86,27.8,27.04,26.63,27.46,27.93,28.25,27.61,26.92,27.59,28.21,27.75,27.97,27.78,28.2,28.12,28.31,27.89
Uzbekistan,Average surface temperature change (°C),34.3,34.01,32.23,33.38,33.77,35.25,34.36,34.97,35.08,34.38,35.02,34.16,34.14,33.24,34.13,34.82,35.23,35.01,35.8,34.24,35.64,35.28,35.84,34.43,35.59,35.82,35.17,35.73,35.53,35.44,34.79,36.42,35.62,36.26
Vatican City,Average surface temperature change (°C),28.65,28.66,28.43,29.22,30.1,28.53,28.49,28.82,29.89,29.62,29.52,29.56,29.18,31.45,29.06,29.15,29.35,29.92,29.46,29.49,29.26,29.29,30.95,29.47,28.64,30.56,29.46,30.78,29.93,30.85,29.23,30.85,31.45,30.26
Saint Vincent and the Grenadines,Average surface temperature change (°C),30.03,29.93,29.74,30.0,29.8,30.03,29.67,29.93,30.44,30.1,30.13,30.47,30.27,29.83,29.93,30.47,30.2,30.0,30.23,30.44,30.53,30.3,30.2,30.17,30.2,30.3,30.43,30.2,29.87,30.23,30.33,30.0,29.97,30.9
R. B. de Venezuela,Average surface temperature change (°C),29.83,29.78,29.31,29.43,29.35,29.74,29.19,29.87,30.03,29.59,29.85,30.18,29.99,29.59,29.49,29.95,29.57,29.49,29.8,30.5,30.09,30.3,29.93,29.96,30.37,30.42,30.53,30.19,29.76,29.98,30.04,29.68,29.66,30.43
British Virgin Islands (U.K.),Average surface temperature change (°C),31.34,31.13,31.01,31.2,31.27,31.47,30.7,31.33,31.64,31.11,31.31,31.63,31.51,30.5,30.74,31.17,31.07,31.07,30.97,31.14,31.3,31.1,31.1,31.17,31.23,31.31,31.44,31.27,31.1,31.67,31.53,31.14,30.94,32.1
United States Virgin Islands (U.S.),Average surface temperature change (°C),31.64,31.44,31.31,31.51,31.55,31.8,31.01,31.62,31.9,31.44,31.61,31.96,31.81,30.81,31.04,31.5,31.4,31.4,31.3,31.49,31.63,31.43,31.43,31.5,31.58,31.64,31.77,31.6,31.43,32.0,31.86,31.47,31.29,32.43
Vietnam,Average surface temperature change (°C),31.39,30.97,31.22,31.39,30.54,31.07,31.0,31.0,31.49,30.85,30.97,30.9,30.96,31.32,30.85,31.06,31.08,31.29,30.68,31.27,31.26,31.15,30.93,31.0,31.19,31.53,31.57,31.02,30.82,31.62,31.81,31.69,31.48,31.78
Vanuatu,Average surface temperature change (°C),26.95,26.87,26.11,26.38,26.1,26.87,26.83,26.08,27.44,26.96,26.82,26.26,26.54,26.53,26.7,26.43,26.23,27.03,26.66,26.63,27.83,26.61,26.39,26.44,26.55,26.3,26.9,26.72,26.35,26.51,26.7,26.87,26.88,26.33
Wallis and Futuna (Fr.),Average surface temperature change (°C),29.51,29.25,29.29,28.62,28.9,29.61,29.62,28.9,29.0,29.71,29.57,29.54,29.44,29.03,29.6,29.07,29.37,30.24,29.28,29.35,30.04,29.96,29.23,29.73,28.99,28.59,29.31,29.61,29.44,29.96,30.06,29.48,29.74,29.65
Samoa,Average surface temperature change (°C),29.53,29.41,29.43,28.69,28.83,29.82,30.22,29.14,29.29,30.09,29.62,30.56,30.07,29.11,29.73,29.28,29.69,30.23,29.15,29.67,30.17,30.11,29.28,29.89,29.13,28.75,29.46,29.64,29.5,30.06,29.98,29.59,29.59,30.13
Republic of Yemen,Average surface temperature change (°C),35.82,35.72,35.98,35.88,36.01,35.89,35.64,36.27,36.68,35.61,35.95,35.92,36.0,36.29,35.85,35.88,36.06,36.2,36.02,36.5,36.29,36.21,36.23,35.97,36.18,36.58,35.99,36.51,35.9,36.49,36.23,36.16,36.13,36.56
South Africa,Average surface temperature change (°C),19.87,19.48,19.85,20.47,19.28,19.94,18.49,19.89,20.83,20.93,20.62,19.97,19.37,19.85,20.53,21.52,20.42,20.56,20.89,20.33,21.35,20.04,20.31,20.53,20.65,21.03,21.6,21.62,21.06,22.39,20.94,20.9,21.23,21.09
Zambia,Average surface temperature change (°C),27.72,27.29,27.14,26.6,26.93,27.46,27.32,27.89,27.57,26.71,26.44,26.96,27.79,27.06,27.26,28.92,27.43,27.28,27.03,27.2,27.02,27.12,27.08,27.05,27.13,27.45,27.0,27.85,26.94,27.37,26.91,26.95,26.71,27.15
Zimbabwe,Average surface temperature change (°C),25.62,25.5,25.08,24.79,24.51,25.33,24.62,25.86,25.85,24.97,24.34,25.22,25.48,24.69,25.78,27.04,25.04,25.67,25.75,25.59,24.91,25.18,25.79,25.6,25.7,26.56,25.51,25.74,25.75,26.12,24.99,25.15,25.01,25.76
